They agreed with him . When they had called the apostles to them , they beat them and charged them not to speak in the name of Jesus , and let them go .

kha
Ki	la	khot	shapoh	ïa	ki	apostol	,	ki	la	phah	sympat	ïa	ki	,	bad	hukum	ïa	ki	ban	ym	kren	shuh	da	lei	lei	ha	ka	kyrteng	jong	U	Jisu	;	bad	nangta	ki	la	pyllait	noh	ïa	ki	.
unk	VERB	VERB	unk	unk	PRON	NOUN	PUNCT	PRON	VERB	unk	unk	unk	PRON	PUNCT	CCONJ	VERB	unk	PRON	unk	unk	VERB	unk	unk	ADV	ADV	ADP	unk	NOUN	unk	unk	PROPN	PUNCT	CCONJ	unk	PRON	VERB	unk	unk	unk	PRON	PUNCT
_	conj	root	_	_	nsubj	pobj	punct	nsubj	conj	_	_	_	nsubj	punct	cc	root	_	nsubj	_	_	xcomp	_	_	neg	neg	prep	_	pobj	_	_	pobj	_	cc	_	nsubj	conj	_	_	_	nsubj	punct
ute	had	called	furnace	h	them	apostles		them	had	sending	flog	h	them		and	ordered	h	them	ive	won’t	speak	longer	by	never	never	in	an	name	’s	He	Jesus	1	and	then	them	had	divorces	away	h	them	

ukk
lot	khraak	ta	maan	caox	kex	ii	:	keun	cae	no	:	pee	chix	no	:	fai	:	kee	:	kuac	keun	haam	ee	am	va	kex	no	:	cee	seng	:	phax	caox	ye	chux	no	:	khrum	:	ic	chee	:	keun	cae	puai	kee	:	lat	tee	no	:	.
unk	VERB	unk	unk	unk	PRON	unk	PUNCT	unk	CCONJ	unk	PUNCT	unk	unk	unk	PUNCT	unk	PUNCT	unk	PUNCT	unk	unk	unk	unk	unk	unk	PRON	unk	PUNCT	NOUN	unk	PUNCT	unk	unk	PROPN	unk	unk	PUNCT	NOUN	PUNCT	unk	unk	PUNCT	unk	CCONJ	unk	unk	PUNCT	unk	unk	unk	PUNCT	PUNCT
_	root	_	_	_	nsubj	_	_	_	cc	_	_	_	_	_	_	_	_	_	_	_	_	_	_	_	_	nsubj	_	_	pobj	_	_	_	_	pobj	_	_	_	dobj	_	_	_	_	_	cc	_	_	_	_	_	_	_	_
ried	called	ress	presence		them	ar		proved	and	ible		spirit	untie	ible		whip		instructions		piece	proved	stop	saying	dies	feed	them	ible		name	voice		God		Jesus	lips	ible		advice		people	knew		proved	and	festival	instructions		went	plan	ible		

ril
Keuh	leh	tawiz	mony	Kamaliel	rae	raak	leh	mial	teu	maan	keui	,	keuh	rotz	teu	maan	keui	,	lao	kan	mok	keuh	nahz	,	yak	aez	leh	mus	Yesuhz	rawz	leui	,	a	wa	kaw	plawiz	aez	keuh	lan	.
unk	unk	unk	unk	unk	unk	VERB	unk	unk	unk	NOUN	unk	PUNCT	unk	unk	unk	NOUN	unk	PUNCT	unk	unk	unk	unk	unk	PUNCT	VERB	unk	unk	NOUN	PROPN	unk	unk	PUNCT	unk	unk	unk	unk	unk	unk	unk	PUNCT
_	_	_	_	_	_	root	_	_	_	pobj	_	_	_	_	_	pobj	_	_	_	_	_	_	_	_	xcomp	_	_	pobj	pobj	_	_	_	_	_	_	_	_	_	_	_
oth	S	riot	obey		airs	called	S	ire	touched	apostles	ins		crime		touched	apostles	ins		won	stop	care	crime	demanded		speak	laves	S	name	Jesus	preaching	longer		things	In	pl	point	laves	crime	went	

pce
an	haea	hot	kaalaang	korh	tii,	ke	daa	taang	tuen	wii	laay	porm	long	an	tii.	ke	wii	daea	ke	duuii	pii	roh	pii	tuey	cheaa	yesuu	wii	tah	lueb	dong	ky	ke	b	mah	ke	don	ii.	haea	hot,	daa	taang	ke	tii	wii	dam	ke,	kaewa	taeh	ke	kaalaang	korh	long	cheaa	yesuu.	waay	an	tii	daa	taang	ke	tuen	b	wii	belh,	taeh	ke	haaw.
unk	VERB	unk	unk	unk	unk	PRON	unk	unk	unk	PUNCT	unk	unk	NOUN	unk	unk	PRON	PUNCT	VERB	PRON	unk	unk	unk	unk	unk	unk	PROPN	PUNCT	unk	unk	unk	unk	PRON	CCONJ	unk	PRON	unk	unk	VERB	unk	unk	unk	PRON	unk	PUNCT	unk	unk	unk	unk	PRON	unk	unk	NOUN	unk	unk	unk	unk	unk	unk	unk	PRON	unk	CCONJ	PUNCT	unk	unk	PRON	unk
_	conj	_	_	_	_	nsubj	_	_	_	punct	_	_	dobj	_	_	nsubj	punct	root	nsubj	_	_	_	_	_	_	pobj	punct	_	_	_	_	nsubj	cc	_	nsubj	_	_	conj	_	_	_	nsubj	_	punct	_	_	_	_	nsubj	_	_	dobj	_	_	_	_	_	_	_	nsubj	_	cc	punct	_	_	nsubj	_
he	had	Here	told	voice	sinning	they	high	loud	scraps		each	iet	advice	he	e	they		called	they	people	like	chosen	like	sending	replied	Jesus		come	enter	where	age	they	and	mist	they	everyone	bringing	had	require	high	loud	they	reg		threat	refuses	accus	its	they	told	voice	advice	replied	Greek	flog	he	reg	high	loud	they	scraps	and			its	they	vi

blr
Ce	leuceng	leukahˊ	eun	naˊ	.	Hawcˊ	koˊ	,	ce	tang	klawng	peue	caee	Eun	Yesuˊ	naˊ	ce	ingˊ	.	Ce	taˊveut	ce	,	tuilˊ	leukahˊ	unˊ	laee	kah	ce	lahˊ	muis	Eun	Yesuˊ	naˊ	baee	.	Hawcˊ	koˊ	,	ce	ploeˊ	ce	.
unk	unk	unk	unk	unk	PUNCT	unk	unk	PUNCT	PRON	unk	VERB	unk	NOUN	unk	unk	unk	PRON	unk	PUNCT	unk	unk	PRON	PUNCT	unk	unk	unk	unk	VERB	PRON	unk	NOUN	unk	unk	unk	unk	PUNCT	unk	unk	PUNCT	PRON	unk	PRON	PUNCT
_	_	_	_	_	_	_	_	_	nsubj	_	root	_	pobj	_	_	_	nsubj	_	_	_	_	nsubj	_	_	_	_	_	root	nsubj	_	pobj	_	_	_	_	_	_	_	_	nsubj	_	nsubj	_
ts	Under		ers						them	washing	called	who	apostles	him			them			ts		them					J	ordered	them		name	him			yes					them		them	

wbm
Kix	nghiet	lox	nawh	mai	yam	hoik	kok	kix	kawncau	pa	ting	khankix	hoek	,	kix	sivied	kix	mai	tawm	lox	ka	kix	,	son	ang	kix	sang	sidiex	gau	ka	daux	ceu	kaux	Yesux	mai	ploi	kix	hu	heue	.
PRON	unk	unk	unk	CCONJ	unk	VERB	unk	PRON	unk	unk	unk	unk	unk	PUNCT	PRON	unk	PRON	CCONJ	unk	unk	PART	PRON	PUNCT	unk	unk	PRON	unk	unk	unk	PART	ADP	unk	unk	PROPN	CCONJ	unk	PRON	VERB	unk	PUNCT
nsubj	_	_	_	cc	_	conj	_	nsubj	_	_	_	_	_	_	nsubj	_	nsubj	cc	_	_	aux	nsubj	_	_	_	nsubj	_	_	_	aux	prep	_	_	pobj	cc	_	nsubj	ccomp	_	punct
They	obeyed	Ex	b	and	when	had	calls	them	messenger	who	Bl	brothers	came		them	disciplined	them	and	instructions	Ex	to	them		-third	not	them	going	preaching	teach	to	in	uel	Phar	Jesus	and	send	them	go		

lcp
mo	se	noeueng	p	ah	kaamaalien	se	.	kok	mae	mo	p	houa	khr	lpung	tang	phayesuu	se	eiin	khe	tae	.	kueah	pui	fiat	uee	.	khat	uee	o	yuea	uu	lok	lainwng	phayesuu	fueah	.	fuait	se	phluai	uee	eiin	.
PRON	unk	unk	unk	unk	unk	unk	PUNCT	VERB	unk	PRON	unk	unk	NOUN	unk	unk	PROPN	unk	unk	unk	PRON	PUNCT	unk	unk	unk	unk	PUNCT	unk	unk	unk	unk	unk	unk	unk	PROPN	unk	PUNCT	unk	unk	unk	unk	unk	PUNCT
nsubj	_	_	_	_	_	_	_	root	_	nsubj	_	_	pobj	_	_	pobj	_	_	_	poss	_	_	_	_	_	_	_	_	_	_	_	_	_	pobj	_	_	_	_	_	_	_	_
They		obeyed	who	cr				called	reconcil	They	who	ar	apostles	disapp	or	Jesus		afternoon	local	his		planning	as	flog			correct		ected	house	talked	sl	announ	Jesus	I		liness		release		afternoon	

